Type,Name,Request Count,Failure Count,Median Response Time,Average Response Time,Min Response Time,Max Response Time,Average Content Size,Requests/s,Failures/s,50%,66%,75%,80%,90%,95%,98%,99%,99.9%,99.99%,100%
GET,/,7,0,6,6.347316569839937,5.449520998809021,9.982472998672165,1040.0,0.2424496663969894,0.0,6,6,6,6,10,10,10,10,10,10,10
GET,/book/Spring%20Festival/Simply%20Lift,9,0,6,6.110266001390603,5.20890000188956,7.286567000846844,1142.111111111111,0.31172099965327205,0.0,6,6,7,7,7,7,7,7,7,7,7
GET,/logout,14,0,13,13.592273213622061,12.89244100189535,14.836448004643898,1220.0,0.4848993327939788,0.0,14,14,14,14,14,15,15,15,15,15,15
POST,/purchasePlaces,17,0,15,17.485532118264338,14.044412004295737,22.806856999523006,1427.4705882352941,0.5888063326784028,0.0,15,21,21,22,22,23,23,23,23,23,23
POST,/showSummary,15,0,7,7.443664199187576,6.092185998568311,9.001664002425969,1319.6,0.5195349994221201,0.0,7,8,8,8,8,9,9,9,9,9,9
,Aggregated,62,0,10,11.26813619339373,5.20890000188956,22.806856999523006,1269.3548387096773,2.147411330944763,0.0,13,14,14,15,18,22,22,23,23,23,23
